"Any_Alta","Tipus _Equipament","Tipologia_Sigles","Subtipologia_Sigles","Nom ","Adreca ","Latitud","Longitud","Codi_Districte","Nom_Districte","Codi_Barri","Nom_Barri","Potencia_kWp  "," Energia_Produeix_ kWh ","Nombre_Llars_Subministrament","Emissions_ Estalviades_KgCO2eq","Tipus_Connexio"
2021,"Educació","Coberta ","IES","IES Ernest Lluch","Carrer de la Diputació, 11-15","41.378314858300094","2.1503365848985507","02","Eixample ","09","la Nova Esquerra de l'Eixample","25.84",32300,14,11628,"Autoconsum"
2021,"Educació","Coberta ",,"Roger AE PAV2 i EBM","Carrer Roger, 48-64","41.37741894238277","2.1282073845654144","03","Sants-Montjuic ","17","Sants - Badal","29.16",36450,16,13122,"Autoconsum compartit"
2021,"Educació","Coberta ","ESC","Escola Nabí","Carrer dels Reis Catòlics, 38","41.41626113303973","2.101412701252529","05","Sarrià-Sant Gervasi","22","Vallvidrera, el Tibidabo i les Planes","44.9",56125,24,20205,"Autoconsum"
2021,"Espai públic","Pèrgoles i espai públic ",,"Cobertura Ronda de Dalt","Passeig Vall d'Hebrón, 103","41.42456345719034","2.14220072017269","07","Horta-Guinardó ","39","Sant Genís dels Agudells",50,62500,27,22500,"Connexió a xarxa"
2021,"Espai públic","Pèrgoles i espai públic ",,"Pilar Miró ","Plaça Pilar Miró ","41.44797383890816","2.2018961473109","09","Sant Andreu","58","Baró de Viver",92,115000,50,41400,"Autoconsum"
2021,"Oficines","Coberta ","OFED","Seu Central Barcelona Activa","Carrer Llacuna, 162","41.406620031369236","2.192814753873412","10","Sant Martí","71","Provençals del Poblenou","30.82",38525,17,13869,"Autoconsum"
2020,"Instal·lació esportiva","Coberta ","CX","Pavelló Poliesportiu Camp del Ferro","Plaça Albert Badia i Mur","41.4283877541502","2.1938748538741115","09","Sant Andreu","61","la Sagrera","51.06",63825,28,22977,"Autoconsum"
2020,"Educació","Coberta ","ESC","CEIP Alexandre Galí (IESM Narcís Monturiol)","Passeig Marítim de la Barceloneta, 11","41.38125896340694","2.1933547561871913","01","Ciutat Vella","03","la Barceloneta","45.25","56562.5",25,20363,"Autoconsum"
2020,"Habitatge","Coberta ",,"HPO Solar Germanetes LLS IMHAB","Carrer Comte Borrell, 159","41.382787092683294","2.1551144278404735","02","Eixample ","09","la Nova Esquerra de l'Eixample","11.76",14700,6,5292,"Autoconsum"
2020,"Habitatge","Coberta ",,"HPO Solar Germanetes. Gent Gran IMHAB","Carrer Viladomat, 142","41.38255355576632","2.1545257528169826","02","Eixample ","09","la Nova Esquerra de l'Eixample",18,22500,10,8100,"Autoconsum"
2020,"Educació","Coberta ","ESC","Escola Ítaca","Carrer de Numància, 140","41.38840368089308","2.1340106905523757","04","Les Corts","19","les Corts","44.25","55312.5",24,19913,"Autoconsum"
2020,"Instal·lació esportiva","Coberta ",,"Pista poliesportiva Arístides Maiol","Aristides Maillol, 12","41.38083443393095","2.121170684565525","04","Les Corts","20","la Maternitat i Sant Ramon","79.2",99000,43,35640,"Connexió a xarxa"
2020,"Centre cívic","Coberta ",,"Edifici Multiservei Sarrià","Plaça de Sarrià","41.400094357425125","2.1221720601956617","05","Sarrià-Sant Gervasi","23","Sarrià","44.54",55675,24,20043,"Autoconsum"
2020,"Educació","Coberta ","ESC","CEIP Pare Poveda","Avinguda de Vallcarca, 220","41.41719428613121","2.1415234324461325","06","Gràcia ","28","Vallcarca i els Penitents","39.2",49000,21,17640,"Autoconsum"
2020,"Casal","Coberta ",,"Casal Can Carol","Carrer Cambrils, 28","41.41258918234278","2.1458907268933083","06","Gràcia ","28","Vallcarca i els Penitents","2.8",3500,2,1260,"Autoconsum"
2020,"Mitgera","Parets i mitgeres",,"Plaça de les Dones del 36. Mitgera","Plaça de les Dones del 36","41.40478828021956","2.1536190860282836","06","Gràcia ","31","la Vila de Gràcia","10.23",10230,4,3683,"Connexió a xarxa"
2020,"Equipament cultural","Coberta ",,"Parc de Mas Ravetllat","Carrer del Torrent d'en Melis","41.41603402692928","2.1704663394669144","07","Horta-Guinardó ","35","el Guinardó","5.775","7218.75",3,2599,"Autoconsum"
2020,"Educació","Coberta ","IES","Escola Ferran Tallada","Carrer de la Gran Vista, 54","41.420771776083726","2.163434507012597","07","Horta-Guinardó ","37","el Carmel","40.42",50525,22,18189,"Autoconsum"
2020,"Mercat","Coberta ","MM","Mercat de la Vall d'Hebron-Teixonera","Passeig de la Vall d’Hebron, 130","41.42385456451415","2.142488078455935","07","Horta-Guinardó ","38","la Teixonera","79.92",99900,43,35964,"Autoconsum"
2020,"Biblioteca","Coberta ","BIBL","Biblioteca Vilapicina i la Torre Llobeta","Plaça de Carmen Laforet, 11","41.426796905277996","2.1762258191776924","08","Nou Barris","44","Vilapicina i la Torre Llobeta","51.52",64400,28,23184,"Autoconsum"
2020,"Oficines","Coberta ","OFLOC","Parc Tecnològic Nou Barris - Barcelona Activa","Carrer Marie Curie, 8","41.43655416696978","2.16898920693468","08","Nou Barris","48","la Guineueta","43.66",54575,24,19647,"Autoconsum"
2020,"Educació","Coberta ","EBM","EBM El Vent","Carrer de Miguel Hernández, 20","41.44348099960509","2.1669177281572853","08","Nou Barris","49","Canyelles","19.34",24175,11,8703,"Autoconsum"
2020,"Educació","Coberta ","IES","IES Doctor Puigvert","Passeig de Santa Coloma, 46","41.44604181064683","2.1933797660719825","09","Sant Andreu","60","Sant Andreu","47.88",59850,26,21546,"Autoconsum"
2020,"Seu del districte","Coberta ","OFLOC","Seu del Districte de Sant Andreu","Plaça d'Orfila, 1","41.43590294088165","2.1906634990396507","09","Sant Andreu","60","Sant Andreu","13.23","16537.5",7,5954,"Autoconsum"
2020,"Educació","Coberta ","EECOM","IES Príncep de Viana / CEIP Pegaso","Carrer de Torroella de Montgrí, 6","41.4279987202371","2.1866517788608997","09","Sant Andreu","61","la Sagrera","91.3",114125,50,41085,"Autoconsum"
2020,"Mitgera","Parets i mitgeres",,"Mitgera Betevé","Plaça Tísner, 1","41.40059544350059","2.1938503369111304","10","Sant Martí","66","el Parc i la Llacuna del Poblenou","2.97",2970,1,1069,"Autoconsum"
2020,"Educació","Coberta ","IES","IES Barri Besòs","Carrer de Josep Pla, 40","41.41155356676038","2.212942506523557","10","Sant Martí","70","el Besòs i el Maresme","53.76",67200,29,24192,"Autoconsum"
2019,"Habitatge","Coberta ",,"HPO Ciutat Vella (IMHAB)","Carrer Sant Ramon, 6","41.378045487978895","2.171302198055612","01","Ciutat Vella","01","el Raval","5.94",7425,3,2673,"Autoconsum"
2019,"Centre cívic","Coberta ","CL&CC","Convent de Sant Agustí","Carrer del Comerç, 36","41.38771961361086","2.1815642633054027","01","Ciutat Vella","04","Sant Pere, Santa Caterina i la Ribera","35.28",44100,19,15876,"Autoconsum"
2019,"Espai públic","Pèrgoles i espai públic ",,"Pèrgola Centre de Neteja Joan Miró","Parc Joan Miró","41.377996002871896","2.1472070876411156","02","Eixample ","09","la Nova Esquerra de l'Eixample","40.8",51000,22,18360,"Connexió a xarxa"
2019,"Seu del districte","Coberta ","OFLOC","Seu del districte de Sarrià","Plaça del Consell de la Vila, 7","41.39909971361184","2.121333569042023","05","Sarrià-Sant Gervasi","23","Sarrià","7.02",8775,4,3159,"Autoconsum"
2019,"Deixalleria","Coberta ",,"Punt verd zona Collserola (Deixalleria de Gràcia)","Carrer de Collserola, 2","41.41670906589917","2.136860801454147","06","Gràcia ","28","Vallcarca i els Penitents",22,27500,12,9900,"Autoconsum"
2019,"Casal","Coberta ","CL&CC","Casal Mas Guinardó","Plaça de Salvador Riera, 2","41.41855014874916","2.174728732782413","07","Horta-Guinardó ","35","el Guinardó","5.98",7475,3,2691,"Autoconsum"
2019,"Casal","Coberta ","CL&CC","Casal gent gran d’Horta","Carrer de Feliu i Codina,  37-43","41.4346429241981","2.161680542240498","07","Horta-Guinardó ","43","Horta","20.9",26125,11,9405,"Autoconsum"
2019,"Instal·lació esportiva","Coberta ","CX","CEM Turó de la Peira","Sant Iscle, 50-54","41.43300549612543","2.172374754159035","08","Nou Barris","46","el Turó de la Peira","88.56",110700,48,39852,"Autoconsum"
2019,"Educació","Coberta ","ESC","Escola Ignasi Iglésias","Pg. Torras i Bages, 108 – C. Palomar, 52-56","41.44186386046814","2.1915999062309925","09","Sant Andreu","60","Sant Andreu",18,22500,10,8100,"Autoconsum"
2019,"Equipament cultural","Coberta ","OFELLOC","Arxiu municipal de Sant Andreu","Carrer Segadors, 2","41.437143362141946","2.1921090084995067","09","Sant Andreu","60","Sant Andreu","12.65","15812.5",7,5693,"Autoconsum"
2019,"Educació","Parets i mitgeres","EECOM","Institut Maria Espinalt","Camí Antic de València, 82","41.40630783198794","2.2026824827100078","10","Sant Martí","68","el Poblenou","39.6",39600,17,14256,"Autoconsum"
2018,"Espai públic","Pèrgoles i espai públic ",,"Pèrgola Joan Cortada","Plaça Joan Cortada","41.41568353019551","2.1597008138345934","07","Horta-Guinardó ","34","Can Baró","11.25","14062.5",6,5063,"Connexió a xarxa"
2018,"Educació","Coberta ","CEAMB","La Fàbrica del Sol","Passeig de Salvat Papasseit, 1","41.382344329579105","2.191836198055744","01","Ciutat Vella","03","la Barceloneta",15,18750,8,6750,"Autoconsum"
2018,"Espai públic","Pèrgoles i espai públic ",,"Pèrgoles Cobertura Vies de Sants","Vies de Sants","41.370686586375214","2.131237153310938","03","Sants-Montjuic ","18","Sants","83.4",104250,45,37530,"Connexió a xarxa"
2018,"Biblioteca","Coberta ","ESCCOM","Biblioteca Les Corts - Miquel Llongueras","Travessera de Les Corts, 58","41.37786990967308","2.1217465864463927","04","Les Corts","20","la Maternitat i Sant Ramon","14.4",18000,8,6480,"Autoconsum"
2018,"Biblioteca","Coberta ","BIBL","Biblioteca Clarà","Carrer del Dr. Carulla, 22","41.39971616865172","2.1296927669248564","05","Sarrià-Sant Gervasi","24","les Tres Torres","13.44",16800,7,6048,"Autoconsum"
2018,"Biblioteca","Coberta ","BIBL","Biblioteca Vallcarca i els Penitents-M. Antonieta Cot i Miralpeix","Passeig de la Vall d'Hebron,  65-69","41.420050226318","2.1396388184144337","06","Gràcia ","28","Vallcarca i els Penitents","6.44",8050,4,2898,"Autoconsum"
2018,"Mercat","Coberta ","MM","Mercat del Guinardó","Carrer Teodoro Lorente, 30","41.41962925098961","2.180512753873811","07","Horta-Guinardó ","35","el Guinardó",13,16250,7,5850,"Autoconsum"
2018,"Espai públic","Coberta ","CL&CC","Casal gent gran Sant Genís","Carrer Naïm, 10-12","41.42627365991306","2.1389993403838967","07","Horta-Guinardó ","39","Sant Genís dels Agudells","6.36",7950,3,2862,"Autoconsum"
2018,"Biblioteca","Coberta ","BIBL","Biblioteca Montbau - Albert Pérez Baró","Carrer de l'Arquitectura, 8","41.42944506550132","2.1420421207986173","07","Horta-Guinardó ","40","Montbau","20.1",25125,11,9045,"Autoconsum"
2018,"Instal·lació esportiva","Coberta ","CF","Vestidors camp de fútbol Turó de la Peira","Carrer de Beret, 5","41.43291664710117","2.1682836929323366","08","Nou Barris","46","el Turó de la Peira","4.86",6075,3,2187,"Autoconsum"
2018,"Espai públic","Pèrgoles i espai públic ",,"Pèrgola Parc Josep Maria Serra Martí","Parc de Serra i Martí","41.44215311703931","2.1669475102312403","08","Nou Barris","49","Canyelles","29.7",37125,16,13365,"Autoconsum"
2018,"Casal","Coberta ","CL&CC","Casal de barri Trinitat Nova","C. de Garbí, 3","41.45267342313471","2.1874573302314575","08","Nou Barris","53","la Trinitat Nova","8.75","10937.5",5,3938,"Autoconsum"
2018,"Biblioteca","Coberta ","BIBL","Biblioteca Trinitat Vella-José Barbero","Carrer de Galícia, 16","41.449251180315244","2.190725181777638","09","Sant Andreu","57","la Trinitat Vella","15.12",18900,8,6804,"Autoconsum"
2018,"Centre cívic","Coberta ","CL&CC","Centre Cívic Trinitat Vella","Carrer Foradada, 36","41.45176836612616","2.191214255731169","09","Sant Andreu","57","la Trinitat Vella","28.38",35475,15,12771,"Connexió a xarxa"
2018,"Altres equipaments","Coberta ",,"Cal l'Alier","Carrer de Fluvià,  120X","41.410141376587774","2.2038178115467715","10","Sant Martí","71","Provençals del Poblenou","85.5",106875,46,38475,"Autoconsum"
2017,"Residencial","Coberta ","RES","Residència Francesc Layret","Gran Via de Les Corts Catalanes, 475","41.38029178575786","2.155416498055668","02","Eixample ","09","la Nova Esquerra de l'Eixample","8.32",10400,5,3744,"Autoconsum"
2017,"Espai públic","Pèrgoles i espai públic ",,"Pèrgola Jardins Interior d'Illa de Safo","Avinguda Roma, 22","41.380721339429506","2.1462786880732456","02","Eixample ","09","la Nova Esquerra de l'Eixample",4,5000,2,1800,"Autoconsum amb bateries"
2017,"Cementiri","Coberta ","CMT","Cementiri de Montjuic","Carrer de la Mare de Déu de Port, 56","41.35525859245843","2.158897951640742","03","Sants-Montjuic ","11","el Poble-sec","14.4",18000,8,6480,"Autoconsum"
2017,"Espai públic","Pèrgoles i espai públic ",,"Pèrgoles Pl. Joan Pelegrí","Plaça Joan Pelegrí","41.37639482525137","2.142187627909698","03","Sants-Montjuic ","15","Hostafrancs","14.31","17887.5",8,6440,"Autoconsum"
2017,"Espai públic","Pèrgoles i espai públic ",,"Pèrgoles Avinguda Tarradellas","Av. Tarradellas amb Av. Sarrià","41.39026092178119","2.143675587261552","04","Les Corts","19","les Corts","31.2",39000,17,14040,"Autoconsum amb bateries"
2017,"Centre cívic","Coberta ","CL&CC","Vil·la Urània","Via Augusta, 102","41.40148792287737","2.149668935096307","05","Sarrià-Sant Gervasi","27","el Putxet i el Farró",20,25000,11,9000,"Autoconsum"
2017,"Casal","Coberta ","CL&CC","Casal de barri Can Portabella","Carrer Virgili, 18","41.429148267255655","2.1940477401683034","09","Sant Andreu","60","Sant Andreu","9.8",12250,5,4410,"Autoconsum"
2017,"Centre cívic","Coberta ","CL&CC","Centre Cívic Can Clariana (Espai Felip II)","Carrer Felip II, 222","41.42777916701208","2.1785734134036225","09","Sant Andreu","62","el Congrés i els Indians","2.76",3450,2,1242,"Autoconsum"
2016,"Espai públic","Pèrgoles i espai públic ",,"Pèrgola Pl. del Centre","Plaça del Centre","41.382053119881256","2.1356410155586274","04","Les Corts","19","les Corts","12.48",15600,7,5616,"Autoconsum amb bateries"
2016,"Espai públic","Pèrgoles i espai públic ",,"Pèrgola Pont de Sarajevo","Carrer d'Almassora, 732","41.45162353638803","2.1892633391243894","08","Nou Barris","57","la Trinitat Vella",4,5000,2,1800,"Connexió a xarxa"
2016,"Biblioteca","Coberta ","BIBL","Biblioteca Montserrat Abelló","Carrer dels Comtes de Bell-Lloc, 192","41.38370612691555","2.1354246845656255","04","Les Corts","19","les Corts","26.32",32900,14,11844,"Autoconsum"
2016,"Centre cívic","Coberta ","CL&CC","Centre Cívic Joan Oliver ""Pere Quart""","Carrer Comandante Benítez, 6","41.37946968591263","2.127821640382431","04","Les Corts","20","la Maternitat i Sant Ramon","6.37","7962.5",3,2867,"Autoconsum"
2016,"Mercat","Coberta ","MM","Mercat de Provençals","Carrer Menorca, 19","41.4198008960116","2.1963231250372273","10","Sant Martí","72","Sant Martí de Provençals","6.12",7650,3,2754,"Autoconsum"
2015,"Educació","Parets i mitgeres",,"Ludoteca Olzinelles. Mitgera","Carrer d'Olzinelles, 113","41.370285475410796","2.137954287402222","03","Sants-Montjuic ","16","la Bordeta","23.56",23560,10,8482,"Autoconsum"
2015,"Centre cívic","Coberta ",,"Centre Cívic Cristalerías Planell","Carrer del Dr. Ibáñez, 38","41.38745908505953","2.131848221386979","04","Les Corts","19","les Corts",3,3750,2,1350,"Autoconsum"
2015,"Espai públic","Pèrgoles i espai públic ",,"Pèrgoles Parc de les Rieres d'Horta","Parc Rieres d'Horta","41.433712353051","2.1532506794370505","07","Horta-Guinardó ","43","Horta",66,82500,36,29700,"Autoconsum"
2015,"Educació","Coberta ","ESC","Escola dels Encants","Carrer Consell de Cent, 558","41.40419732543695","2.183155726893039","02","Eixample ","06","la Sagrada Família","67.31","84137.5",37,30290,"Autoconsum"
2015,"Mercat","Coberta ","MM","Mercat del Ninot","Carrer de Mallorca, 133","41.38840231238232","2.154329084565778","02","Eixample ","08","l'Antiga Esquerra de l'Eixample",51,63750,28,22950,"Autoconsum"
2015,"Biblioteca","Coberta ","BIBL","Biblioteca Joan Miró II i III","Carrer de Vilamarí, 61","41.37871720110028","2.149041910776165","02","Eixample ","09","la Nova Esquerra de l'Eixample",75,93750,41,33750,"Autoconsum amb bateries"
2015,"Centre cívic","Coberta ","CL&CC","Multiequipament Calàbria","Carrer Calàbria,  66-78","41.378565187927926","2.1575595710752937","02","Eixample ","10","Sant Antoni",30,37500,16,13500,"Autoconsum"
2015,"Oficines","Coberta ","OFLD","Barcelona cicle de l'Aigua BCASA","Carrer de l'Acer, 16","41.35091195735285","2.1386271538716564","03","Sants-Montjuic ","12","la Marina del Prat Vermell","21.06",26325,11,9477,"Autoconsum"
2015,"Centre cívic","Coberta ","OFELPL","Lleialtat Santsenca","Carrer d'Olzinelles, 31","41.37309700244741","2.136733682708968","03","Sants-Montjuic ","18","Sants","20.25","25312.5",11,9113,"Autoconsum"
2015,"Educació","Coberta ","EECOM","Escola Univers","Carrer Bailén,  225-231","41.40294614371215","2.162628198056387","06","Gràcia ","31","la Vila de Gràcia",15,18750,8,6750,"Autoconsum"
2015,"Biblioteca","Coberta ","BIBL","Biblioteca Mercè Rodoreda","Carrer Camèlies, 76-80","41.41440884619527","2.165518740383508","07","Horta-Guinardó ","33","el Baix Guinardó",40,50000,22,18000,"Autoconsum"
2015,"Espai públic","Pèrgoles i espai públic ",,"Pèrgola Jardins Rodrigo Caro","Parc Jardins Rodrigo Caro ","41.448275734011226","2.171404760930146","08","Nou Barris","50","les Roquetes","7.69","9612.5",4,3461,"Autoconsum amb bateries"
2015,"Centre cívic","Coberta ","CL&CC","Centre Cívic Baró de Viver","Carrer Quito, 5","41.44620802133499","2.199171198057755","09","Sant Andreu","58","Baró de Viver","14.3",17875,8,6435,"Autoconsum"
2015,"Equipament cultural","Coberta ","MU","Museu del Disseny","Plaça de les Glòries Catalanes, 37","41.40281909366611","2.187757894880204","10","Sant Martí","66","el Parc i la Llacuna del Poblenou",150,187500,82,67500,"Connexió a xarxa"
2014,"Casal","Coberta ",,"Casal de Barri de la Mercè","Carrer Torrent de les Roses, 4","41.38968155785907","2.105244669219351","04","Les Corts","21","Pedralbes",1,1250,1,450,"Autoconsum"
2014,"Espai públic","Pèrgoles i espai públic ",,"Pèrgola Carrer Tenerife","Mirador escales Carrer Tenerife","41.41729443677003","2.1640644473717927","07","Horta-Guinardó ","34","Can Baró","2.94",3675,2,1323,"Autoconsum amb bateries"
2014,"Espai públic","Pèrgoles i espai públic ",,"Pèrgola Umbracle Glòries","Plaça de les Glòries Catalanes, 1","41.4029320758283","2.1873891148408093","10","Sant Martí","66","el Parc i la Llacuna del Poblenou","10.5",13125,6,4725,"Autoconsum amb bateries"
2014,"Mercat","Coberta ","MM","Nou Mercat dels Encants","Carrer de los Castillejos, 158","41.40102599933636","2.186205582709864","02","Eixample ","05","el Fort Pienc","29.92",37400,16,13464,"Connexió a xarxa"
2014,"Educació","Coberta ","BIBL","Centre Cultural Teresa Pàmies","Carrer Compte d'Urgell,  145-147","41.3869431165374","2.1521709980558863","02","Eixample ","09","la Nova Esquerra de l'Eixample","14.06",17575,8,6327,"Autoconsum"
2014,"Casal","Coberta ","CL&CC","Casal gent gran La Capa","Carrer Alts Forns, 84 Local 1","41.36005534586673","2.142527867362089","03","Sants-Montjuic ","13","la Marina de Port","7.5",9375,4,3375,"Autoconsum"
2014,"Centre cívic","Coberta ","CL&CC","Centre Cívic Casa del Rellotge","Jardins de Can Ferrero,  Passeig de la Zona Franca, 116","41.35810606930074","2.1416004144377943","03","Sants-Montjuic ","13","la Marina de Port",10,12500,5,4500,"Autoconsum"
2014,"Equipament cultural","Coberta ","CL&CC","Espai musical La Bàscula","Carrer  Ferrocarrils catalans,  8-10 / Carrer  Foc, 132","41.35854138550382","2.144948398054966","03","Sants-Montjuic ","13","la Marina de Port","5.25","6562.5",3,2363,"Autoconsum"
2014,"Instal·lació esportiva","Coberta ","POL","Poliesportiu La Bàscula","Carrer Ferrocarrils catalans,  8-10 / Carrer  Foc, 132","41.35807314669414","2.1452494191924414","03","Sants-Montjuic ","13","la Marina de Port","3.5",4375,2,1575,"Autoconsum"
2014,"Cementiri","Coberta ","CMT","Cementiri de les Corts","Av. Joan XXIII,  3-15","41.38427837391355","2.121577998055799","04","Les Corts","20","la Maternitat i Sant Ramon","56.4",70500,31,25380,"Autoconsum amb bateries"
2014,"Espai públic","Pèrgoles i espai públic ",,"Pèrgoles Can Rigalt","Av. Albert Bastardes, 19","41.379257004085034","2.106993795812095","04","Les Corts","20","la Maternitat i Sant Ramon","5.94",7425,3,2673,"Connexió a xarxa"
2014,"Centre cívic","Coberta ","CL&CC","Centre Cívic El Coll","Carrer Aldea, 15","41.41877742586031","2.149859782710402","06","Gràcia ","29","el Coll",11,13750,6,4950,"Autoconsum"
2014,"Biblioteca","Parets i mitgeres","BIBL","Plaça Trinitat (Biblioteca Trinitat Vella). Mitgera","Carrer de Galícia, 16","41.449263502921525","2.190719206732615","09","Sant Andreu","57","la Trinitat Vella","8.4",8400,4,3024,"Autoconsum amb bateries"
2014,"Mitgera","Parets i mitgeres","OFELPL","El Jardí del Sol/Mitgera Arxiu Municipal de Barcelona","Carrer de la Ciutat de Granada, 106","41.40110652328154","2.1949296328558185","10","Sant Martí","66","el Parc i la Llacuna del Poblenou","19.98",19980,9,7193,"Autoconsum amb bateries"
2013,"Mitgera","Parets i mitgeres",,"Mitgera de Pere IV","Carrer de Pere IV, 79","41.39754139377984","2.193056013402681","10","Sant Martí","66","el Parc i la Llacuna del Poblenou","9.66",9660,4,3478,"Autoconsum amb bateries"
2013,"Altres equipaments","Coberta ","CSS","Centre de Serveis Socials Raval Sud","Carrer Carme,  101-109","41.38003383621037","2.1665286115458353","01","Ciutat Vella","01","el Raval","17.28",21600,9,7776,"Autoconsum"
2013,"Equipament cultural","Parets i mitgeres",,"El Jardinet del Pedró/ Mitgera Teatre del Raval","Carrer de Sant Antoni Abat, 12","41.37950238734473","2.1649542961993427","01","Ciutat Vella","01","el Raval","0.5",625,0,225,"Autoconsum amb bateries"
2013,"Casal","Coberta ","CL&CC","Palau Alòs","Carrer Sant Pere més baix, 55","41.38837721245379","2.178473240382695","01","Ciutat Vella","04","Sant Pere, Santa Caterina i la Ribera","30.24",37800,16,13608,"Connexió a xarxa"
2013,"Seu del districte","Coberta ","OFELED","Seu del districte de Gràcia","Carrer Francesc Giner, 51","41.400064274838925","2.1583262999126185","06","Gràcia ","31","la Vila de Gràcia","2.88",3600,2,1296,"Autoconsum"
2013,"Seu del districte","Coberta ","OFPL","Seu del districte d'Horta-Guinardó","Ronda Guinardó, 49","41.41317959560066","2.1664497403834817","07","Horta-Guinardó ","33","el Baix Guinardó","16.5",20625,9,7425,"Autoconsum"
2011,"Educació","Parets i mitgeres","AFA","Escola Bressol Galatea","Avinguda de Vallcarca, 229","41.419415751237395","2.140669811547031","06","Gràcia ","03","la Barceloneta","23.4",23400,10,8424,"Autoconsum"
2010,"Altres equipaments","Parets i mitgeres","CEAMB","La Fàbrica del Sol","Passeig de Salvat Papasseit, 1","41.38238457958918","2.1918469268923606","01","Ciutat Vella","03","la Barceloneta",5,5000,2,1800,"Autoconsum"
2010,"Educació","Coberta ","ESC","CEIP Gaudí","Carrer Artesania,  81-83","41.446744788201265","2.171286898057751","08","Nou Barris","50","les Roquetes","24.3",30375,13,10935,"Connexió a xarxa"
2009,"Biblioteca","Coberta ","BIBL","Biblioteca Joan Miró","Carrer de Vilamarí, 61","41.3786803400638","2.149261840382399","02","Eixample ","09","la Nova Esquerra de l'Eixample","6.6",8250,4,2970,"Connexió a xarxa"
2008,"Espai públic","Pèrgoles i espai públic ",,"Pèrgola Parc del Fòrum","Parc del Fòrum","41.411564408203354","2.228224661298827","10","Sant Martí","0","Fora de Barcelona",449,,244,202050,"Connexió a xarxa"
2008,"Casal","Parets i mitgeres",,"Centre Osi","Carrer Gran de Gràcia,  190-192","41.40331113771597","2.1523247049238345","06","Gràcia ","31","la Vila de Gràcia","12.48",12480,5,4493,"Connexió a xarxa"
2008,"Espai públic","Pèrgoles i espai públic ",,"Pèrgola de Bon Pastor","Carrer de l'Avançada, 1","41.436820297576276","2.2089353001915093","09","Sant Andreu","59","el Bon Pastor","107.8",134750,59,48510,"Connexió a xarxa"
2008,"Centre cívic","Coberta ",,"Masia de Can cadena","Carrer Menorca,  11-23","41.4186605985545","2.195306113403322","10","Sant Martí","72","Sant Martí de Provençals","8.37","10462.5",5,3767,"Connexió a xarxa"
2008,"Educació","Coberta ","AFA","Escola Adults Barceloneta","Carrer Balboa, 11","41.382469529331125","2.1882758980557218","01","Ciutat Vella","03","la Barceloneta","7.68",9600,4,3456,"Connexió a xarxa"
2008,"Centre cívic","Coberta ","CL&CC","Centre Cultural Casa Elizalde","Carrer València, 302","41.39463054016919","2.1658400980561088","02","Eixample ","07","la Dreta de l'Eixample","4.8",6000,3,2160,"Connexió a xarxa"
2008,"Centre cívic","Coberta ","CL&CC","Centre Cívic Anníbal","Carrer Anníbal,  4-6","41.37190580276498","2.16242485572862","03","Sants-Montjuic ","11","el Poble-sec","11.16",13950,6,5022,"Connexió a xarxa"
2008,"Centre cívic","Coberta ","CL&CC","Centre Cívic El Sortidor","Plaça del Sortidor, 12","41.37225770962473","2.162433280852644","03","Sants-Montjuic ","11","el Poble-sec","6.2",7750,3,2790,"Connexió a xarxa"
2008,"Biblioteca","Parets i mitgeres","BIBL","Biblioteca Francesc Candel. Façana","Carrer de l'Amnistia Internacional, 10","41.36165027302737","2.136119798055066","03","Sants-Montjuic ","13","la Marina de Port","25.2",25200,11,9072,"Connexió a xarxa"
2008,"Biblioteca","Coberta ","BIBL","Biblioteca Vapor Vell","Passatge del Vapor Vell s/n","41.376962694260754","2.134963455728788","03","Sants-Montjuic ","18","Sants","12.42",15525,7,5589,"Connexió a xarxa"
2008,"Seu del districte","Coberta ","OFELED","Seu del districte de Les Corts","Plaça Comas, 18","41.38588437078912","2.129733682709376","04","Les Corts","19","les Corts","2.88",3600,2,1296,"Connexió a xarxa"
2008,"Centre cívic","Coberta ","BIBL","Centre Cívic Vázquez Montalbán","Reis Catòlics,  16-34","41.41538711399405","2.1028800980567754","05","Sarrià-Sant Gervasi","22","Vallvidrera, el Tibidabo i les Planes","22.68",28350,12,10206,"Connexió a xarxa"
2008,"Educació","Parets i mitgeres","EBM","Escola Bressol Sant Medir. Façana","Carrer de Santa Rosa, 7","41.403431127334706","2.152900382709921","06","Gràcia ","31","la Vila de Gràcia","6.08",6080,3,2189,"Connexió a xarxa"
2008,"Oficines","Coberta ","OFELED","Edifici SUMA","Carrer Torrent de l'Olla,  218-220","41.40643487285346","2.152611653873426","06","Gràcia ","31","la Vila de Gràcia","5.25","6562.5",3,2363,"Connexió a xarxa"
2008,"Centre cívic","Coberta ","CL&CC","Centre Cívic Carmel","Carrer Santuaris, 27","41.420458521070195","2.1510668673640216","07","Horta-Guinardó ","37","el Carmel","7.7",9625,4,3465,"Connexió a xarxa"
2008,"Casal","Coberta ","CL&CC","Casal Gent Gran Vall d'Hebron","Carrer Arquitecte Moragas, 5","41.43248188010633","2.146981198057309","07","Horta-Guinardó ","41","la Vall d'Hebron","13.44",16800,7,6048,"Connexió a xarxa"
2008,"Biblioteca","Coberta ","BIBL","Biblioteca Les Roquetes","Via Favència, 288","41.44522249707485","2.176776455730966","08","Nou Barris","51","Verdun","13.8",17250,8,6210,"Connexió a xarxa"
2008,"Casal","Coberta ","CL&CC","Casal de Gent Gran Navas","Carrer Capella s/n","41.41873773246718","2.1816806559116975","09","Sant Andreu","63","Navas","6.2",7750,3,2790,"Connexió a xarxa"
2008,"Centre cívic","Coberta ","CL&CC","Centre Cívic Sandaru","Carrer Nàpols, 22","41.39156051232902","2.184962028748957","10","Sant Martí","66","el Parc i la Llacuna del Poblenou","17.64",22050,10,7938,"Connexió a xarxa"
2006,"Biblioteca","Coberta ","BIBL","Biblioteca Juan Marsé","Carrer Murtra,  135-145","41.42120219288677","2.1550568557302046","07","Horta-Guinardó ","37","el Carmel","5.4",6750,3,2430,"Connexió a xarxa"
2004,"Mitgera","Parets i mitgeres","CL&CC","Fustes Gilabert (Padilla 210)","Carrer Padilla, 210","41.404155183574126","2.1795383115465587","07","Horta-Guinardó ","06","la Sagrada Família",2,2000,1,720,"Connexió a xarxa"
2003,"Educació","Coberta ","IES","Institut FP Narcís Monturiol","Passeig Salvat Papasseït s/n","41.381052513451756","2.1916999904680745","01","Ciutat Vella","03","la Barceloneta","4.8",6000,3,2160,"Connexió a xarxa"
2003,"Educació","Coberta ","EECOM","IES M. Bosc de Montjuïc","Avinguda Miramar, 9","41.369353666614856","2.161529484565175","03","Sants-Montjuic ","11","el Poble-sec","4.8",6000,3,2160,"Connexió a xarxa"
2003,"Educació","Coberta ","IES","IES M. Serrat i Bonastre","Carrer Marquès de Santa Anna, 4","41.406764919077","2.1480250096903544","05","Sarrià-Sant Gervasi","27","el Putxet i el Farró","2.88",3600,2,1296,"Connexió a xarxa"
2003,"Educació","Coberta ","ESC","CEIP M. Escola del Mar","Carrer Gènova, 12","41.41809745421565","2.1701071827104","07","Horta-Guinardó ","35","el Guinardó","4.8",6000,3,2160,"Connexió a xarxa"
2003,"Educació","Coberta ","IES","IES M. Ferran Tallada","Carrer Gran Vista, 54","41.42064543192518","2.163458184566796","07","Horta-Guinardó ","37","el Carmel","4.8",6000,3,2160,"Connexió a xarxa"
2003,"Educació","Coberta ","IES","IES Anna Gironella de Mundet","Carrer d'Olympe de Gouges, s/n","41.43706631584352","2.1435362137049605","07","Horta-Guinardó ","40","Montbau","4.8",6000,3,2160,"Connexió a xarxa"
2003,"Biblioteca","Parets i mitgeres","CL&CC","Biblioteca Ignasi Iglesias – Can Fabra. Façana","Carrer del Segre,  22-32","41.43530234413453","2.1914820827109573","09","Sant Andreu","60","Sant Andreu","4.4",4400,2,1584,"Connexió a xarxa"
2003,"Educació","Coberta ","CEE","CEE M. Pont del Dragó","Carrer Sagrera, 179","41.427243001737196","2.1907433268937586","09","Sant Andreu","61","la Sagrera","4.8",6000,3,2160,"Connexió a xarxa"
2003,"Educació","Coberta ","IES","IES M. Joan Manuel Zafra","Carrer Rogent, 51","41.41028215006382","2.1828325962003086","10","Sant Martí","64","el Camp de l'Arpa del Clot","4.8",6000,3,2160,"Connexió a xarxa"
2002,"Espai públic","Pèrgoles i espai públic ",,"Pèrgola de Vallbona","Carrer Castelladral, 6-10","41.465160742776014","2.1862979774320945","08","Nou Barris","56","Vallbona","50.7",63375,28,22815,"Connexió a xarxa"
2002,"Educació","Coberta ","IES","CEIP Costa i Llobera","Carrer Capella Can Caralleu, 3","41.40211617332549","2.1089311980563696","05","Sarrià-Sant Gervasi","23","Sarrià","4.8",6000,3,2160,"Connexió a xarxa"
2002,"Educació","Coberta ","ESC","CEIP Tàber","Carrer Esports, 9","41.401224466632584","2.112299569219718","05","Sarrià-Sant Gervasi","23","Sarrià","30.085","37606.25",16,13538,"Connexió a xarxa"
2002,"Educació","Coberta ","ESC","CEIP Font d'en Fargas","Passeig Font d'en Fargues, 65","41.42279687935816","2.165784055730254","07","Horta-Guinardó ","36","la Font d'en Fargues","4.8",6000,3,2160,"Connexió a xarxa"
2000,"Oficines","Coberta ","OFED","Edifici Nou i Novíssim","Plaça Sant Miquel, 1","41.38238422947529","2.1768469673628017","01","Ciutat Vella","02","el Barri Gòtic","85.21","106512.5",46,38345,"Connexió a xarxa"
